feature,importance
petal width (cm),0.4371853558096363
petal length (cm),0.43146640568097017
sepal length (cm),0.11634850540739942
sepal width (cm),0.014999733101994138
