feature,importance
petal length (cm),0.46320090607003056
petal width (cm),0.3974831162196536
sepal length (cm),0.1228833442733511
sepal width (cm),0.016432633436964862
